name,rating,category,address,phone,email,website,timestamp
Hithadhoo Regional Hospital,3.5,Hospital,N/A,688-8672,N/A,https://blackkingdom.in/business/index.php?id=67,2026-03-18 02:58:39
Abuharee Pharmacy,4.5,Pharmacy,N/A,N/A,N/A,N/A,2026-03-18 02:57:43
ICM Pharmacy,3.8,Pharmacy,"Pharmacy · S.Hithadhoo, Dhuvaafaru Magu",688-3838,N/A,N/A,2026-03-18 02:57:43
STO Feydhoo Pharmacy,N/A,Pharmacy,"Pharmacy · 849P+FF5, Rahdhebai Magu",N/A,N/A,N/A,2026-03-18 02:57:43
STO Hulhumeedhoo Pharmacy,2.0,Pharmacy,N/A,N/A,N/A,N/A,2026-03-18 02:57:43
Mazi Chemist 9,3.8,Pharmacy,"Pharmacy · 849P+G87, Rahdhebai Magu",959-7480,N/A,N/A,2026-03-18 02:57:43
Life Support Pharmacy Hithadhoo,4.7,Pharmacy,"Pharmacy · Kiran, S, Aareyfe Magu",737-5873,N/A,http://www.lifesupport.mv/,2026-03-18 02:57:43
F&C Chemist 16,3.5,Pharmacy,"Pharmacy · C66G+RXM, Bahaaudheen Magu",689-5060,N/A,N/A,2026-03-18 02:57:43
Alfad Pharmacy,4.0,Pharmacy,N/A,N/A,N/A,N/A,2026-03-18 02:57:43
STO Pharmacy,2.0,Pharmacy,"Pharmacy · 84MC+W6Q, Mudhingey Magu",N/A,N/A,N/A,2026-03-18 02:57:43
CareMore Medicals,N/A,Medical clinic,N/A,987-7663,N/A,N/A,2026-03-18 02:56:52
maldives custom services,5.0,Government office,"Government office · 939X+RV2, Link Road",688-8680,N/A,N/A,2026-03-18 02:56:52
Reception,,Hospital department,"Hospital department ·  · 93HW+H9H, Maarendhoo Magu",N/A,N/A,N/A,2026-03-18 02:56:52
Live Garden,4.4,Family-friendly,Family-friendly ·  · Aareyfe Magu,946-7373,N/A,N/A,2026-03-18 02:56:52
Sky Inn ADDU,4.4,Guest house,N/A,989-4040,N/A,N/A,2026-03-18 02:56:52
F&C Chemist,4.3,Pharmacy,"Pharmacy · 84HG+55J, Chaandhanee Magu",689-1567,N/A,N/A,2026-03-18 02:56:52
Maldives Customs Addu,3.7,Customs office,N/A,N/A,N/A,N/A,2026-03-18 02:56:52
Nafsaanee hiyaavahikan,N/A,Mental health service,N/A,N/A,N/A,N/A,2026-03-18 02:56:52
F&C Chemist 3,4.5,Pharmacy,Pharmacy · Aareyfe Magu,688-1005,N/A,N/A,2026-03-18 02:56:52
Abuharee pharmacy 2,4.5,Pharmacy,"Pharmacy · 93GW+XWV, Aareyfe Magu",N/A,N/A,N/A,2026-03-18 02:56:52
Masjid Ibraheem,4.8,Mosque,Mosque · Link Road,N/A,N/A,N/A,2026-03-18 02:56:52
X-ray/scanning,,Hospital department,N/A,N/A,N/A,N/A,2026-03-18 02:56:52
Laboratory,,Hospital department,"Hospital department ·  · 93HW+H9H, Maarendhoo Magu",N/A,N/A,N/A,2026-03-18 02:56:52
Triage (emergency),,Hospital department,"Hospital department ·  · 93HW+GC7, Maarendhoo Magu",N/A,N/A,N/A,2026-03-18 02:56:52
ADMIN building,5.0,Hospital department,N/A,N/A,N/A,N/A,2026-03-18 02:56:52
Kahtala hospital,,Mental health service,N/A,N/A,N/A,N/A,2026-03-18 02:56:52
Southern Care,,Medical clinic,N/A,688-8585,N/A,http://www.southerncare.mv/,2026-03-18 02:56:52
Aims Opticals,N/A,Eye care center,Eye care center · Orchid Magu,689-8091,N/A,http://aimsmaldives.com/,2026-03-18 02:56:52
Addu Nature Park,4.4,Nature preserve,N/A,758-0059,N/A,N/A,2026-03-18 02:56:52
Dr. Didi Dental Clinic,N/A,Dental clinic,N/A,689-4004,N/A,N/A,2026-03-18 02:56:52
Addu Tertiary Hospital,,Hospital,"Hospital ·  · 93HW+GC7, Maarendhoo Magu",N/A,N/A,N/A,2026-03-18 02:56:52
F&C Dental Clinic,5.0,Dental clinic,N/A,688-0060,N/A,N/A,2026-03-18 02:56:52
HM Hospital,5.0,Hospital,N/A,N/A,N/A,N/A,2026-03-18 02:56:52
Meedhoo Helth Centre,,Community health center,N/A,N/A,N/A,N/A,2026-03-18 02:56:52
F & C Dental,N/A,Doctor,N/A,689-1567,N/A,N/A,2026-03-18 02:56:52
Bulbul Multi Rehab Clinic,5.0,Mental health clinic,Mental health clinic · Aliva Magu,785-3030,N/A,N/A,2026-03-18 02:56:52
Flu clinic,,Hospital department,N/A,N/A,N/A,N/A,2026-03-18 02:56:52
Dhamanaveshi,4.4,Community health center,N/A,689-1553,N/A,http://health.gov.mv/,2026-03-18 02:56:52
Aisha ENT Clinic,,Otolaryngology clinic,"Otolaryngology clinic ·  · C33M+837, Ziyaaraiy Magu",688-8003,N/A,https://www.facebook.com/Aisha.ENT.Clinic/,2026-03-18 02:56:52
F&C Medicare,4.0,Medical clinic,"Medical clinic ·  · 84HG+55C, Chaandhanee Magu",689-1567,N/A,N/A,2026-03-18 02:56:52
Feydhoo Health Centre,3.9,Hospital,N/A,689-2021,N/A,N/A,2026-03-18 02:56:52
Maradhoo Health Center,3.8,Medical Center,N/A,689-0608,N/A,https://www.facebook.com/MHCAddu/,2026-03-18 02:56:52
F&C Medicare And Scan Centre,5.0,Medical clinic,N/A,688-0060,N/A,N/A,2026-03-18 02:56:52
Abuharee Medical Centre,4.2,Hospital,"Hospital ·  · C32M+72W, Elhe Didi Magu",688-7920,N/A,https://m.facebook.com/pages/Abuharee-Medical-Centre/1406354066247133,2026-03-18 02:56:52
Hulhumeedhoo Health Center,4.1,Community health center,N/A,689-4680,N/A,N/A,2026-03-18 02:56:52
IMDC,4.0,Hospital,"Hospital ·  · 93XP+6VC, Link Road",688-8802,N/A,http://www.imdc.com.mv/,2026-03-18 02:56:52
AIMS Diagnostic Care,3.3,Medical clinic,Medical clinic ·  · Orchid Magu,689-8091,N/A,http://www.aimsmaldives.com/,2026-03-18 02:56:52
Addu Equatorial Hospital,4.3,Hospital,"Hospital ·  · Addu Equatorial Hospital, Kanbihaa Magu",688-5555,N/A,https://aeh.gov.mv/,2026-03-18 02:56:52
Luxe Salon,N/A,Beauty salon,N/A,N/A,N/A,N/A,2026-03-18 02:54:15
Plaza Plus,4.9,Department store,Department store ·  · Haveeree Magu,N/A,N/A,N/A,2026-03-18 02:54:15
Tohbaaa bikuraaa kandali than,N/A,Nail salon,N/A,N/A,N/A,N/A,2026-03-18 02:54:15
Trim,4.8,Barber shop,N/A,N/A,N/A,N/A,2026-03-18 02:54:15
Elfin Cosmetics,4.2,Cosmetics store,Cosmetics store · Elhe Didi Magu,N/A,N/A,N/A,2026-03-18 02:54:15
Echo Saloon,1.0,Barber shop,"Barber shop · 93XM+WGC, Hussainee Magu",N/A,N/A,N/A,2026-03-18 02:54:15
New Season,4.1,Cosmetics store,Cosmetics store · Elhe Didi Magu,N/A,N/A,N/A,2026-03-18 02:54:15
Evola Salon,N/A,Beauty salon,"Beauty salon · Shabnameege, Shamsuddeenu Magu, Uthuru",N/A,N/A,N/A,2026-03-18 02:54:15
I & R Saloon,4.3,Barber shop,"Barber shop · C68G+VC7, Majudhudheen Magu",N/A,N/A,N/A,2026-03-18 02:54:15
MAKEUP BY HIDHA,4.9,Make-up artist,Make-up artist · Link Road Hithadhoo Addu City,N/A,N/A,N/A,2026-03-18 02:54:15
Choice Cut,4.7,Barber shop,"Barber shop · 93VP+RF2, Elhe Didi Magu",N/A,N/A,N/A,2026-03-18 02:54:15
F.beauty collection,5.0,Cosmetics store,N/A,N/A,N/A,N/A,2026-03-18 02:54:15
AI Quick Cuts 2,5.0,Hair salon,N/A,N/A,N/A,N/A,2026-03-18 02:54:15
Star saloon,3.0,Hair salon,Star saloon,N/A,N/A,N/A,2026-03-18 02:54:15
MAJOIE Beauty,N/A,Beauty salon,Beauty salon · Orchid Magu,N/A,N/A,N/A,2026-03-18 02:54:15
Unique Beauty Salon,N/A,Beauty salon,"Beauty salon · C32J+2GR, Rahdhebai Magu",N/A,N/A,N/A,2026-03-18 02:54:15
Feydhoo Beauty Salon,2.7,Beauty salon,N/A,N/A,N/A,N/A,2026-03-18 02:54:15
Diamond Villa,N/A,Beauty salon,N/A,N/A,N/A,N/A,2026-03-18 02:54:15
Vervain Glow,3.0,Beauty salon,"Beauty salon · City baazaara, shop no:, 9 Link Road",N/A,N/A,N/A,2026-03-18 02:54:15
Estetica Nails & Beauty Bar,N/A,Beauty salon,Beauty salon · Elhe Didi Magu,N/A,N/A,N/A,2026-03-18 02:54:15
Sunena Salon,5.0,Beauty salon,N/A,N/A,N/A,N/A,2026-03-18 02:54:15
Elegance Salon,3.7,Beauty salon,Beauty salon · Link Road,N/A,N/A,N/A,2026-03-18 02:54:15
SPA,5.0,Beauty salon,N/A,N/A,N/A,N/A,2026-03-18 02:54:15
Plaza Saloon,4.3,Hair salon,Hair salon · Fareedhee Magu,N/A,N/A,N/A,2026-03-18 02:54:15
Naya Salon,5.0,Beauty salon,N/A,N/A,N/A,N/A,2026-03-18 02:54:15
Thilinfaru Beauty Salon & Spa,4.7,Beauty salon,"Beauty salon · S.Feydhoo, Link Road",N/A,N/A,N/A,2026-03-18 02:54:15
"Villa Park, Maldives",4.7,Airy retreat with dining & water sports,N/A,N/A,N/A,N/A,2026-03-18 02:51:32
"Clouds Beach Retreat L.Gan, Maldives",4.9,Guest house,N/A,N/A,N/A,N/A,2026-03-18 02:51:32
South Palm Maldives,4.2,N/A,N/A,N/A,N/A,N/A,2026-03-18 02:51:32
Lodger Guest House,3.4,Guest house,N/A,N/A,N/A,N/A,2026-03-18 02:51:32
Clovebeach,4.6,Hotel,N/A,N/A,N/A,N/A,2026-03-18 02:51:32
Charming Holiday Lodge,4.5,Low-key guesthouse with dining,N/A,N/A,N/A,N/A,2026-03-18 02:51:32
Canareef Resort Maldives,4.4,Refined island resort with pools & a spa,N/A,N/A,N/A,N/A,2026-03-18 02:51:32
Fiyala Homestay,4.9,Guest house,N/A,N/A,N/A,N/A,2026-03-18 02:50:37
Asseyri Guest House,4.7,Guest house,N/A,N/A,N/A,N/A,2026-03-18 02:50:37
ASH Family Mart,4.0,Grocery store,"Grocery store · Raveri, Kala Magu",748-7667,N/A,N/A,2026-03-18 02:49:59
ADDU SUPERMART,4.5,Grocery store,Grocery store · Orchid Magu,741-0040,N/A,N/A,2026-03-18 02:49:59
Domino Super Mall,4.3,Grocery store,Grocery store · Bahaaudheen Magu,746-4022,N/A,N/A,2026-03-18 02:49:59
Super Saver Mart,4.8,Grocery store,N/A,752-1533,N/A,N/A,2026-03-18 02:49:59
Multi Store,4.3,Hardware store,Multi Store,688-6701,N/A,N/A,2026-03-18 02:49:59
Multi Super Mart,3.0,Grocery store,"Grocery store · C32J+RQJ, Elhe Didi Magu, Hithadhoo",N/A,N/A,N/A,2026-03-18 02:49:59
CADGE,4.3,Clothing store,N/A,689-1585,N/A,N/A,2026-03-18 02:48:48
South Selection Mart,4.3,Shopping mall,N/A,689-5546,N/A,N/A,2026-03-18 02:48:48
Baleno,3.3,Shopping mall,Shopping mall ·  · Ghazee Magu,688-0076,N/A,N/A,2026-03-18 02:48:48
City Central,3.0,Grocery store,"Grocery store · 93WM+RQR, Elhe Didi Magu",688-2637,N/A,N/A,2026-03-18 02:48:48
Daisy Store,4.5,Shopping mall,Daisy Store,689-4729,N/A,N/A,2026-03-18 02:48:48
eHub,4.3,Electronics store,"Electronics store ·  · eHub, Elhe Didi Magu",688-8088,N/A,N/A,2026-03-18 02:48:48
Second Avenue,3.7,Clothing store,Second Avenue,790-9997,N/A,N/A,2026-03-18 02:48:48
Frezz Mart,4.8,Store,"Store · 93RR+QQR, Anbar, Ameenee Magu",999-5174,N/A,N/A,2026-03-18 02:48:48
Lily Stores Addu,4.0,Wholesale food store,Lily Stores Addu,689-1999,N/A,N/A,2026-03-18 02:48:48
JHL STORE,5.0,Grocery store,"Grocery store · 93PQ+XQG, Kashinari Magu",733-6119,N/A,N/A,2026-03-18 02:48:48
Miniso,4.0,Variety store,N/A,N/A,N/A,N/A,2026-03-18 02:48:48
"Coral Crown Hotel and Spa , Meedhoo, Addu City Maldives",4.0,N/A,N/A,N/A,N/A,N/A,2026-03-18 02:47:24
Finiveshi Gaadiya,5.0,Cafe,N/A,N/A,N/A,N/A,2026-03-18 02:47:24
Crave Cafe,N/A,Restaurant,Restaurant · Bahaaudheen Magu,N/A,N/A,N/A,2026-03-18 02:47:24
Equa Reef Maldives,3.8,N/A,N/A,N/A,N/A,N/A,2026-03-18 02:47:24
The Gluten,3.7,Grocery store,N/A,N/A,N/A,N/A,2026-03-18 02:47:24
Southern Maldives divers,4.5,Diving center,N/A,N/A,N/A,N/A,2026-03-18 02:47:24
Addu City Muladdu Inn,4.7,Guest house,N/A,N/A,N/A,N/A,2026-03-18 02:47:24
Neon Bakery,3.6,Cafe,N/A,N/A,N/A,N/A,2026-03-18 02:47:24
Hotel Kaamraan,5.0,Hotel,N/A,N/A,N/A,N/A,2026-03-18 02:47:24
Rekidhiye Inn,3.6,Polished hotel with balconies & views,N/A,N/A,N/A,N/A,2026-03-18 02:47:24
Vista Villa,4.5,Guest house,N/A,N/A,N/A,N/A,2026-03-18 02:47:24
Usgandi Beach,4.5,Tourist attraction,N/A,N/A,N/A,N/A,2026-03-18 02:47:24
Orange City,1.0,Restaurant,N/A,N/A,N/A,N/A,2026-03-18 02:47:24
Area Point,5.0,Cafe,"Cafe · 93GW+PC7, Aareyfe Magu",N/A,N/A,N/A,2026-03-18 02:47:24
Cup of Sea,3.6,Coffee shop,N/A,N/A,N/A,N/A,2026-03-18 02:47:24
"Shangri-La's Villingili Resort & Spa, Maldives",4.7,Upscale island resort with a golf course,N/A,N/A,N/A,N/A,2026-03-18 02:47:24
Q6 Cafe,4.0,Cafe,N/A,N/A,N/A,N/A,2026-03-18 02:47:24
Pier Lounge,N/A,Restaurant,N/A,N/A,N/A,N/A,2026-03-18 02:47:24
Wish Point Cafe,3.6,Cafe,Cafe · Huras Magu,N/A,N/A,N/A,2026-03-18 02:47:24
Chenal Shake Cafe,4.3,Cafe,"Cafe · Herathere, Road",N/A,N/A,N/A,2026-03-18 02:47:24
Buon Cibo Restaurant,3.8,Restaurant,"Restaurant ·  · C64H+C2V, Bahaaudheen Magu",N/A,N/A,N/A,2026-03-18 02:47:24
Sanam Cafe',3.7,Cafe,"Cafe · C36J+P7R, Eidhigali Magu",N/A,N/A,N/A,2026-03-18 02:47:24
Shalgam,3.7,Restaurant,N/A,N/A,N/A,N/A,2026-03-18 02:47:24
Princess Cafe,3.8,Cafe,N/A,N/A,N/A,N/A,2026-03-18 02:47:24
Cafe Charming,5.0,Cafe,Cafe · Majududheen Magu Addu City Meedhoo,N/A,N/A,N/A,2026-03-18 02:47:24
Wave Sound by 3S Maldives,4.3,Casual beachfront hotel with sea views,N/A,N/A,N/A,N/A,2026-03-18 02:47:24
Moodhu Bar,4.3,Bar,N/A,N/A,N/A,N/A,2026-03-18 02:47:24
Hi Tea,4.6,Cafe,N/A,N/A,N/A,N/A,2026-03-18 02:47:24
Amber Point,5.0,Coffee shop,N/A,N/A,N/A,N/A,2026-03-18 02:47:24
Cubano,5.0,Coffee shop,N/A,N/A,N/A,N/A,2026-03-18 02:47:24
Belize Cafe,4.0,Coffee shop,"Coffee shop · 93QQ+PMG, Elhe Didi Magu",N/A,N/A,N/A,2026-03-18 02:47:24
Yummy Taste,4.6,Cafe,N/A,N/A,N/A,N/A,2026-03-18 02:47:24
Burger Shine,4.3,Fast Food,"Fast Food · 84P9+57F, Orchid Magu",N/A,N/A,N/A,2026-03-18 02:47:24
Foodinos,5.0,Restaurant,"Restaurant · Foodinos, Karankaa Magu",N/A,N/A,N/A,2026-03-18 02:47:24
Just Tea,4.5,Cafe,N/A,N/A,N/A,N/A,2026-03-18 02:47:24
Guley's Pixxa Pub,4.5,Restaurant,N/A,N/A,N/A,N/A,2026-03-18 02:47:24
Cafe Do,4.0,Cafe,"Cafe · 84GG+FX4, Nasheedhee Magu",N/A,N/A,N/A,2026-03-18 02:47:24
Amitha Cafe,4.7,Coffee shop,"Coffee shop · C62F+CVX, Bahaaudheen Magu",N/A,N/A,N/A,2026-03-18 02:47:24
Mission Restaurant,N/A,Restaurant,N/A,N/A,N/A,N/A,2026-03-18 02:47:24
Al Manaar Cafe' & Bistro,4.5,Cafe,N/A,N/A,N/A,N/A,2026-03-18 02:47:24
Tea Lodge,4.4,Cafe,"Cafe · 84P9+74F, Orchid Magu",N/A,N/A,N/A,2026-03-18 02:47:24
Lagoon Lodge,4.7,Relaxed guesthouse with ocean views,N/A,N/A,N/A,N/A,2026-03-18 02:47:24
1000BC Cafe',3.8,Cafe,"Cafe · 84P9+FJC, Link Road",N/A,N/A,N/A,2026-03-18 02:47:24
Equator Village,4.2,Relaxed beachfront resort with a spa,N/A,N/A,N/A,N/A,2026-03-18 02:47:24
Cafe' Breeze,5.0,Cafe,N/A,N/A,N/A,N/A,2026-03-18 02:47:24
Two Star Tea 2,3.9,Restaurant,Two Star Tea 2,N/A,N/A,N/A,2026-03-18 02:47:24
Green Garden Cafe,4.5,Cafe,"Cafe · 84FG+HC6, Asurumaa Magu",N/A,N/A,N/A,2026-03-18 02:47:24
ZADE,5.0,Restaurant,N/A,N/A,N/A,N/A,2026-03-18 02:47:24
Equatorial Divers Lodge,4.1,Guest house,N/A,N/A,N/A,N/A,2026-03-18 02:47:24
Beach Bar Bar-Kuda,4.7,Bar,N/A,N/A,N/A,N/A,2026-03-18 02:47:24
Cafe' Urban,5.0,Coffee shop,N/A,N/A,N/A,N/A,2026-03-18 02:47:24
Milano food court,3.7,Restaurant,N/A,N/A,N/A,N/A,2026-03-18 02:47:24
Scoop Restaurant,3.9,Restaurant,Restaurant · Fenfiyazu Magu,N/A,N/A,N/A,2026-03-18 02:47:24
Q Corner,4.0,Restaurant,"Restaurant · 84JF+7CV, Q Corner, Dhannagey Miskiy Magu",N/A,N/A,N/A,2026-03-18 02:47:24
LOLLY’S ADDU,4.0,Restaurant,"Restaurant · Fenthila, Shamsuddeen Bodufandiyaaru Magu",N/A,N/A,N/A,2026-03-18 02:47:24
Bros Cafe,3.5,Restaurant,"Restaurant · C67F+XQ4, Unnamed Road",N/A,N/A,N/A,2026-03-18 02:47:24
Clove Cafe' and Bitro,4.3,Restaurant,"Restaurant · S, Orchid Magu",N/A,N/A,N/A,2026-03-18 02:47:24
Sathu Cafe,5.0,Restaurant,Restaurant · Dayzee Magu,N/A,N/A,N/A,2026-03-18 02:47:24
Fast Food Gourmet Restaurants,4.0,Restaurant,Restaurant · Link Road,N/A,N/A,N/A,2026-03-18 02:47:24
CHILL&DINE,4.3,Restaurant,"Restaurant · Bodugaluge, Nikagas Magu",N/A,N/A,N/A,2026-03-18 02:47:24
Cocco Café & Bistro,4.7,Family-friendly,N/A,N/A,N/A,N/A,2026-03-18 02:47:24
Café Rockfort,4.3,Restaurant,N/A,N/A,N/A,N/A,2026-03-18 02:47:24
Ice Shack,4.2,Restaurant,"Restaurant · Rasmaa, Daisy Magu",N/A,N/A,N/A,2026-03-18 02:47:24
Pizza Basilico,4.9,Pizza,N/A,N/A,N/A,N/A,2026-03-18 02:47:24
Milano Food Court (Feydhoo),5.0,Restaurant,N/A,N/A,N/A,N/A,2026-03-18 02:47:24
The Rolls,4.9,Restaurant,"Restaurant · 103, Karankaa Vaadhee, Bahaaudheen Magu",N/A,N/A,N/A,2026-03-18 02:47:24
La Cucina,4.0,Restaurant,"Restaurant · Sharafuddin Magu, Dhanaalu Hingun",N/A,N/A,N/A,2026-03-18 02:47:24
Cafe Asiana,4.2,Asian restaurant,N/A,N/A,N/A,N/A,2026-03-18 02:47:24
Aattey's,4.4,Restaurant,N/A,N/A,N/A,N/A,2026-03-18 02:47:24
COFFEE & KHUBZZ,5.0,Restaurant,"Restaurant · Varruge, Ameenee Magu",N/A,N/A,N/A,2026-03-18 02:47:24
Marrybrown Addu City,4.4,Restaurant,"Restaurant · 93WR+53G, Link Road",N/A,N/A,N/A,2026-03-18 02:47:24
Palm Shore Cafe,4.7,Restaurant,Restaurant · Link Road S. Maradhoo,N/A,N/A,N/A,2026-03-18 02:47:24
Elly Bistro,4.2,Restaurant,Restaurant · Link Road,N/A,N/A,N/A,2026-03-18 02:47:24
DeAval,4.5,Indian restaurant,N/A,N/A,N/A,N/A,2026-03-18 02:47:24
Fashala Resturant,4.5,Restaurant,N/A,N/A,N/A,N/A,2026-03-18 02:47:24
Sunset View Restaurant,4.2,Restaurant,N/A,N/A,N/A,N/A,2026-03-18 02:47:24
City Deck,4.3,Restaurant,Restaurant · Bahaaudheen Magu,N/A,N/A,N/A,2026-03-18 02:47:24
3S Lounge,4.3,Western restaurant,N/A,N/A,N/A,N/A,2026-03-18 02:47:24
Zingel,3.9,Restaurant,Restaurant · Link Road,N/A,N/A,N/A,2026-03-18 02:47:24
Kilhi Restaurant,4.5,Restaurant,N/A,N/A,N/A,N/A,2026-03-18 02:47:24
Palm Village,4.3,Restaurant,Restaurant · Athirey Magu Shamsuddin Magu,N/A,N/A,N/A,2026-03-18 02:47:24
Suvadive Cafe,4.3,Restaurant,Restaurant · Link Road,N/A,N/A,N/A,2026-03-18 02:47:24
CUPPA CLOUD,5.0,Restaurant,N/A,N/A,N/A,N/A,2026-03-18 02:42:28
BOBBY's Cafe,5.0,Coffee shop,"Coffee shop · 93RR+F6F, Ameenee Magu",N/A,N/A,N/A,2026-03-18 02:42:28
Cafe’ 63,5.0,Restaurant,N/A,N/A,N/A,N/A,2026-03-18 02:42:28
The Chill Lounge,5.0,Coffee shop,N/A,N/A,N/A,N/A,2026-03-18 02:42:28
NODY'S COFFEE | Coffee Roasters,4.7,Coffee shop,"Coffee shop · S. Feydhoo, Link Road",N/A,N/A,N/A,2026-03-18 02:42:28
EyeCare Hospital Hulhumale' Annex,4.8,Hospital,Hospital · Lot 10420 Nirolhu Magu,332-1026,N/A,https://www.google.com/aclk?sa=L&ai=DChsSEwjosY-A86eTAxUhpGYCHdQfBkoYACICCAEQABoCc20&co=1&ase=2&gclid=EAIaIQobChMI6LGPgPOnkwMVIaRmAh3UHwZKEBAYASAAEgLPMvD_BwE&cid=CAASugHkaMmGjWvHZRR4XMejUEtXQ4UDog_Ef_4Or-ORm1Biv5VDKEvJIOafXFq0QtUWcXMw4zABjBMFg2DX8iR7awVIDjvdUjdFUdwf1NR5dg_0QtYjbK6lNE0tjqRwkbg6mRqB8bVoUaKxDwE2nKrVKY7IrjRnzVJuKkptRQT_vygf08BkVwhqLd1fEFyx9KC9-X4Y_xDlwLFNh4fC8TMxK1tjgBlQgoK0jLtGIdC9ymjm7oJkS2jjFSNgmKA&cce=2&category=acrcp_v1_32&sig=AOD64_1QZKQGmenjGQRAcUcBKrOCsicXTA&adurl&q&ctype=99&nis=6,2026-03-18 02:41:04
Carepoint Pharmacy,5.0,Pharmacy,Pharmacy · 10057 Nirolhu Magu,N/A,N/A,N/A,2026-03-18 02:40:34
Unique Pharmacy,4.6,Pharmacy,"Pharmacy · Raincrest Residence, Unit, Moonima Magu",794-9001,N/A,N/A,2026-03-18 02:40:34
Health & Glow Pharmacy Neon,5.0,Pharmacy,"Pharmacy · 6G8V+6HF, Chambeylee Magu",766-1152,N/A,N/A,2026-03-18 02:40:34
Pharmacy Plus - Hulhumale,3.0,Pharmacy,N/A,733-8686,N/A,N/A,2026-03-18 02:40:34
ICM4,4.6,Pharmacy,Pharmacy · 11117 Nirolhu Magu,777-4222,N/A,https://icm4online.com/,2026-03-18 02:40:34
ADK Pharmacy,4.2,Pharmacy,N/A,330-0384,N/A,N/A,2026-03-18 02:40:34
Pharmacon Chemist,2.8,Pharmacy,N/A,333-0056,N/A,N/A,2026-03-18 02:40:34
Curemax pharmacy,4.6,Pharmacy,"Pharmacy · HDC Building, Huvandhumaa Hingun",N/A,N/A,N/A,2026-03-18 02:40:34
Care Plus Pharmacy,4.9,Pharmacy,"Pharmacy · Lot No:, 10418 Nirolhu Magu",335-5080,N/A,N/A,2026-03-18 02:40:34
Health and Beauty Pharmacy 1,5.0,Pharmacy,N/A,335-7811,N/A,N/A,2026-03-18 02:40:34
Hulhumale Green Pharmacy,3.6,Pharmacy,N/A,332-8584,N/A,N/A,2026-03-18 02:40:34
Oracare Dental Clinic,4.5,Medical clinic,Medical clinic · 10110 Halaveli Magu,731-1555,N/A,https://oracaredental.mv/,2026-03-18 02:39:25
Hulhumale Hospital Prayer Room,5.0,Mosque,"Mosque · 6G8V+363, Boagan Vilaa Magu",N/A,N/A,N/A,2026-03-18 02:39:25
ORANGE TOWER PHYSIO HULHUMALE HOSPITAL,N/A,Physical therapist,N/A,N/A,N/A,N/A,2026-03-18 02:39:25
Master Dental Care Centro,3.5,Dental clinic,N/A,335-0096,N/A,http://masterdentalcare.com/,2026-03-18 02:39:25
Ayurvedic Clinic,N/A,Ayurvedic clinic,Ayurvedic clinic · Hithigas Magu - 07 Goalhi,N/A,N/A,N/A,2026-03-18 02:39:25
Queen Aesthetics Medical Center,5.0,Dental clinic,"Dental clinic · goalhi 07, Hithigas Magu",772-1969,N/A,https://www.queenaestheticsmv.com/,2026-03-18 02:39:25
Unique Dental,3.8,Dental clinic,N/A,335-9005,N/A,http://www.uniquedental.mv/,2026-03-18 02:39:25
Dental Studio Maldives,4.0,Dental clinic,Dental Studio Maldives,300-4325,N/A,https://www.masterdentalcare.com/,2026-03-18 02:39:25
RMLS LAB SERVICES,4.1,Laboratory,"Laboratory · Lot no. 10028(2A, Nirolhu Magu",335-5001,N/A,N/A,2026-03-18 02:39:25
Synergy Care,4.4,Medical clinic,N/A,940-6661,N/A,https://synergycare.mv/,2026-03-18 02:39:25
Physio & Autism Clinic Maldives,3.0,Walk-in clinic,Walk-in clinic ·  · Ranauraa Magu,919-3833,N/A,https://kingstonasia.net/infopnaclinic.php,2026-03-18 02:39:25
Hulhumale Hospital General Practice Clinic,,Medical clinic,N/A,335-0037,N/A,N/A,2026-03-18 02:39:25
Rx Medicare,4.0,Medical clinic,"Medical clinic ·  · Kalaj, 10057 Nirolhu Magu",332-5250,N/A,N/A,2026-03-18 02:39:25
EVE clinic - vinares,5.0,Medical clinic,Medical clinic · 20507 Hithigas Magu,760-4788,N/A,https://www.eveclinic.mv/home,2026-03-18 02:39:25
JIRAA HEALTH CENTRE,5.0,Medical Center,"Medical Center · 6G9Q+XHH, Fithiroanu Magu",300-1615,N/A,N/A,2026-03-18 02:39:25
"DR USAMA CLINIC, HULHUMALE",N/A,MAVI Ground floor Hulhumale Lot No 10038 6G9W+QC Hulhumale Malé,N/A,N/A,N/A,N/A,2026-03-18 02:39:25
HIYAA MEDICAL CENTER,2.6,Medical Center,N/A,335-0880,N/A,https://lifesupport.mv/,2026-03-18 02:39:25
MACL Medical Clinic,3.7,Medical Center,N/A,788-4242,N/A,https://lifesupport.mv/,2026-03-18 02:39:25
Smiles Dental Care Hulhumale,4.1,Dental clinic,Dental clinic · Lansimoo Magu,339-1040,N/A,N/A,2026-03-18 02:39:25
SC DENTAL CLINIC,5.0,Dental clinic,Dental clinic · 5 Rabarugas Magu,788-6364,N/A,N/A,2026-03-18 02:39:25
"Emerald Dental Care, Hulhumale Phase 1.",4.7,Dental clinic,"Dental clinic ·  · Lot. 11157 Chanbeylee Magu, 5 Goalhi, Hulhumale Phase 1",938-0007,N/A,N/A,2026-03-18 02:39:25
Hulhumale hospital phase 2 clinic,3.0,Medical clinic,N/A,335-0037,N/A,N/A,2026-03-18 02:39:25
KAAM Medical,5.0,Medical clinic,Medical clinic · 10414 Ahigas Magu,733-1612,N/A,N/A,2026-03-18 02:39:25
Elysian by Z,5.0,Beauty salon,"Beauty salon · Amber Terrace, 2-R06, 16 05 Hithigas Magu",N/A,N/A,N/A,2026-03-18 02:37:24
Hali salon,2.5,Hair salon,Hair salon · 10394 Ahigas Magu,N/A,N/A,N/A,2026-03-18 02:37:24
Sany Salon & Spa,3.7,Massage spa,"Massage spa · 6G7V+JMJ Lot.10460, Nirolhu Magu",N/A,N/A,N/A,2026-03-18 02:37:24
RAISHA SALOON,N/A,Barber shop,Barber shop · 20201 Nirolhu Magu - 15 Goalhi,N/A,N/A,N/A,2026-03-18 02:37:24
Foot Luxe Wellness,4.9,Foot massage parlor,Foot massage parlor · 10435 Ahigas Magu,N/A,N/A,N/A,2026-03-18 02:37:24
The Hair Lab & Aesthetic,3.9,Beauty salon,"Beauty salon · 1st Floor, Rainbow Central, Fithuroanu Magu",N/A,N/A,N/A,2026-03-18 02:37:24
High Saloon,5.0,Beauty salon,N/A,N/A,N/A,N/A,2026-03-18 02:37:24
Esmé salon,4.1,Beauty salon,Beauty salon · Hithigas Magu,N/A,N/A,N/A,2026-03-18 02:37:24
So Me Beauty Salon & Spa,5.0,Beauty salon,"Beauty salon · No.5 road, Hithigas Magu",N/A,N/A,N/A,2026-03-18 02:37:24
Pink Lilies,1.0,Hairdresser,"Hairdresser · 6G6Q+6H7, Haivakaru Magu",N/A,N/A,N/A,2026-03-18 02:37:24
The Hair Lab,4.5,Hair salon,"Hair salon · Lot 10497, Nirolhu Magu, 2 Goalhi",N/A,N/A,N/A,2026-03-18 02:37:24
Blivs Beauty Bar,4.6,Beauty salon,N/A,N/A,N/A,N/A,2026-03-18 02:37:24
Salonous Hair and Beauty Salon,3.0,Beauty salon,N/A,N/A,N/A,N/A,2026-03-18 02:37:24
La Bella salon,1.0,Beauty salon,N/A,N/A,N/A,N/A,2026-03-18 02:37:24
Mooi Salon,3.6,Hair salon,Hair salon · Lot 10351 Ahigas Magu,N/A,N/A,N/A,2026-03-18 02:37:24
Rivers Salon & Spa,4.1,Massage spa,Massage spa · Dhigga Magu,N/A,N/A,N/A,2026-03-18 02:37:24
Style Stone Saloon 1,4.0,Barber shop,Style Stone Saloon 1,N/A,N/A,N/A,2026-03-18 02:37:24
Wonderful Saloon,3.6,Barber shop,Barber shop · 10105 Dhigga Magu,N/A,N/A,N/A,2026-03-18 02:37:24
Sheri HMC Salon & Spa,3.8,Beauty salon,Beauty salon ·  · 10139 Nirolhu Magu,N/A,N/A,N/A,2026-03-18 02:37:24
Queen Beauty,5.0,Beauty salon,N/A,N/A,N/A,N/A,2026-03-18 02:37:24
Sky Gate Hair Saloon,N/A,Barber shop,Barber shop · Rabarugas Magu-6 Goalhi,N/A,N/A,N/A,2026-03-18 02:37:24
Vin Style,4.8,Beauty salon,Vin Style,N/A,N/A,N/A,2026-03-18 02:37:24
Stylo Salon Hulhumale,5.0,Beauty salon,Stylo Salon Hulhumale,N/A,N/A,N/A,2026-03-18 02:35:12
Sheri @ CENTRO,3.3,Beauty salon,"Beauty salon ·  · Centro Mini Mall, Unit-16, Second Floor",N/A,N/A,N/A,2026-03-18 02:35:12
Sui's Salon (Hulhumale),4.3,Beauty salon,"Beauty salon · R10, 04 Hithigas Magu",N/A,N/A,N/A,2026-03-18 02:35:12
Summer Beach Maldives,4.3,Hotel,N/A,N/A,N/A,N/A,2026-03-18 02:34:10
Hulhule Island Hotel,3.8,Relaxed oceanfront hotel with dining,N/A,N/A,N/A,N/A,2026-03-18 02:34:10
JEN Maldives Malé by Shangri-La,4.4,Upscale hotel with a pool & dining,N/A,N/A,N/A,N/A,2026-03-18 02:34:10
Hotel Lonuveli,3.6,Relaxed hotel with dining & ocean views,N/A,N/A,N/A,N/A,2026-03-18 02:34:10
EZMERALDA MALDIVES,3.5,Hotel,N/A,N/A,N/A,N/A,2026-03-18 02:34:10
Season Holidays,4.5,Relaxed beachfront hotel with a spa,N/A,N/A,N/A,N/A,2026-03-18 02:34:10
Sheraton Maldives Full Moon Resort & Spa,4.5,Upscale beach getaway with a dive center,N/A,N/A,N/A,N/A,2026-03-18 02:34:10
AraamView Hotel,3.8,Hotel,N/A,N/A,N/A,N/A,2026-03-18 02:34:10
Avoca Inn,4.2,Hotel,N/A,N/A,N/A,N/A,2026-03-18 02:34:10
The White Harp Beach Hotel,3.8,N/A,N/A,N/A,N/A,N/A,2026-03-18 02:34:10
Malahini Kuda Bandos,4.3,Relaxed island resort with a dive center,N/A,N/A,N/A,N/A,2026-03-18 02:34:10
RIJ Hulhumalé,4.3,Guest house,N/A,N/A,N/A,N/A,2026-03-18 02:34:10
h78 Maldives,4.2,Relaxed hotel with dining & sea views,N/A,N/A,N/A,N/A,2026-03-18 02:34:10
Seasalter Maldives,4.1,N/A,N/A,N/A,N/A,N/A,2026-03-18 02:34:10
Planktons Beach,4.2,Casual hotel opposite the beach,N/A,N/A,N/A,N/A,2026-03-18 02:34:10
Rivethi Beach Hotel,3.8,Beachfront hotel with a restaurant,N/A,N/A,N/A,N/A,2026-03-18 02:34:10
Noomoo Maldives,3.4,N/A,N/A,N/A,N/A,N/A,2026-03-18 02:34:10
Beach Grand & Spa Premium,3.1,N/A,N/A,N/A,N/A,N/A,2026-03-18 02:34:10
Clear Sky Inn Maldives,3.3,Guest house,N/A,N/A,N/A,N/A,2026-03-18 02:32:02
Vista Beach Retreat,3.8,Refined hotel with beachfront dining,N/A,N/A,N/A,N/A,2026-03-18 02:32:02
The G Ten Holiday Inn,4.3,N/A,N/A,N/A,N/A,N/A,2026-03-18 02:32:02
Hullhu beach guest house,3.0,Hotel,Hotel · 10051 Dhigga Magu,N/A,N/A,N/A,2026-03-18 02:32:02
Crystal Beach Inn,3.9,Relaxed property offering water sports,N/A,N/A,N/A,N/A,2026-03-18 02:32:02
Hotel Starshell,4.0,Laid-back lodging near the beach,Hotel Starshell,N/A,N/A,N/A,2026-03-18 02:32:02
Paralian Hulhumale,4.1,Guest house,N/A,N/A,N/A,N/A,2026-03-18 02:32:02
Niu Inn,3.3,N/A,N/A,N/A,N/A,N/A,2026-03-18 02:32:02
Huvan Beach Hotel,3.8,Casual hotel with dining & sea views,N/A,N/A,N/A,N/A,2026-03-18 02:32:02
Casa Retreat,3.7,N/A,N/A,N/A,N/A,N/A,2026-03-18 02:32:02
Dreams Grand,3.9,Hotel,N/A,N/A,N/A,N/A,2026-03-18 02:32:02
Starry Beach Inn,4.1,Informal hotel with beach views & a bar,Starry Beach Inn,N/A,N/A,N/A,2026-03-18 02:32:02
CLUB BLU,3.9,N/A,N/A,N/A,N/A,N/A,2026-03-18 02:32:02
Ripple Beach Inn,3.8,N/A,N/A,N/A,N/A,N/A,2026-03-18 02:32:02
Turquoise Residence by UI,3.7,N/A,N/A,N/A,N/A,N/A,2026-03-18 02:32:02
Starry View Hulhumale 星空二店—星景酒店,4.2,Hotel,Starry View Hulhumale 星空二店—星景酒店,N/A,N/A,N/A,2026-03-18 02:32:02
VILU REST HOTEL,4.0,Guest house,N/A,N/A,N/A,N/A,2026-03-18 02:32:02
House Clover Hana,4.4,N/A,N/A,N/A,N/A,N/A,2026-03-18 02:32:02
Samann Host,4.3,Down-to-earth hotel with a restaurant,N/A,N/A,N/A,N/A,2026-03-18 02:32:02
Pine Lodge Maldives,3.9,N/A,N/A,N/A,N/A,N/A,2026-03-18 02:32:02
Newtown Inn,3.8,Basic budget hotel with an Indian eatery,N/A,N/A,N/A,N/A,2026-03-18 02:32:02
Sunrise Stay,5.0,Guest house,Sunrise Stay,N/A,N/A,N/A,2026-03-18 02:32:02
Contento Retreat,3.6,Guest house,N/A,N/A,N/A,N/A,2026-03-18 02:32:02
Marine Holiday,3.9,Guest house,N/A,N/A,N/A,N/A,2026-03-18 02:32:02
HS Miracle Grand,3.8,Guest house,N/A,N/A,N/A,N/A,2026-03-18 02:32:02
Beach Arena Inn,2.9,N/A,N/A,N/A,N/A,N/A,2026-03-18 02:32:02
Beach Palace,3.6,N/A,N/A,N/A,N/A,N/A,2026-03-18 02:32:02
Off Day Inn,2.8,N/A,N/A,N/A,N/A,N/A,2026-03-18 02:32:02
MHA Mart,4.5,Supermarket,"Supermarket · Raincrest Residence, Unit 11438-G-02, Moonima Magu",302-9259,N/A,N/A,2026-03-18 02:27:47
7 Star Mart,3.7,Grocery store,7 Star Mart,N/A,N/A,N/A,2026-03-18 02:27:47
Cosmo Shop Hulhumale' (Cosmopolitan),4.8,Store,"Store · 11155 Chambeyli Magu, 5th Goali Hulhumale",335-0000,N/A,N/A,2026-03-18 02:27:47
V Two,4.1,Grocery store,"Grocery store · 6G7V+4FW, Nirolhu Magu",335-1510,N/A,N/A,2026-03-18 02:27:47
The Chain,4.0,Grocery store,Grocery store · 7 Rabarugas Magu,747-1541,N/A,N/A,2026-03-18 02:27:47
Fit Fresh,2.8,Shopping mall,Shopping mall · 11353 Rabarugas Magu-8 Goalhi,995-1324,N/A,N/A,2026-03-18 02:27:47
Redwave shopping mall,N/A,Grocery store,N/A,N/A,N/A,N/A,2026-03-18 02:27:47
Fahi Plaza,4.1,Store,"Store · 6G8V+9PM, Huvandhumaa Hingun",737-0545,N/A,N/A,2026-03-18 02:27:47
3L MINI MART,4.0,Supermarket,"Supermarket · goalhi 7, Rabarugas Magu",783-0898,N/A,N/A,2026-03-18 02:27:47
Olive Tree,3.9,Asian grocery store,N/A,744-7352,N/A,N/A,2026-03-18 02:27:47
Redwave City Square,4.1,Supermarket,N/A,963-6019,N/A,N/A,2026-03-18 02:27:47
Greengrocer Hulhumale,5.0,Convenience store,Convenience store · Rabarugas Magu,777-8856,N/A,N/A,2026-03-18 02:27:47
Veligaa Hardware,4.3,Hardware store,Hardware store · Nirolhu Magu,335-3881,N/A,N/A,2026-03-18 02:27:47
Bliss Super Mart,5.0,Grocery store,"Grocery store · 6G4R+WWH, Kelaa Magu",N/A,N/A,N/A,2026-03-18 02:27:47
Seven Mart,4.4,Convenience store,N/A,972-8180,N/A,N/A,2026-03-18 02:27:47
Jilbaab Hulhumale',4.2,Clothing store,N/A,996-7755,N/A,N/A,2026-03-18 02:26:31
Asters Hulhumale,3.7,Shopping mall,N/A,334-6451,N/A,N/A,2026-03-18 02:26:31
MU Store,4.4,Wholesale food store,MU Store,335-4747,N/A,N/A,2026-03-18 02:26:31
Brandloom by Enmak Maldives,4.8,Shopping mall,Shopping mall · Chambeylee Magu,335-0015,N/A,N/A,2026-03-18 02:26:31
STO People’s Choice (Hulhumale Phase 1),5.0,Shopping mall,"Shopping mall · 6G7R+62J, Reethigas Magu",N/A,N/A,N/A,2026-03-18 02:26:31
Centro,3.6,Shopping mall,N/A,N/A,N/A,N/A,2026-03-18 02:26:31
Cafe 73 (Hulhumale),3.9,Restaurant,Restaurant · Unigas Magu,N/A,N/A,N/A,2026-03-18 02:25:33
Tandoori Flames Hulhumale,4.3,Pakistani,N/A,N/A,N/A,N/A,2026-03-18 02:25:33
Hotel Ocean Grand at Hulhumale,4.3,Informal lodging with beach views,N/A,N/A,N/A,N/A,2026-03-18 02:25:33
Flamefeast,4.2,Restaurant,"Restaurant · 6G5R+8W6, Nirolhu Magu - 20 Goalhi",N/A,N/A,N/A,2026-03-18 02:25:33
Lyre Restaurant & Karaoke,4.0,Restaurant,Restaurant ·  · Kaani Magu,N/A,N/A,N/A,2026-03-18 02:25:33
Taste of Punjab,4.4,Restaurant,Restaurant · 10486 Nirolhu Magu,N/A,N/A,N/A,2026-03-18 02:25:33
Ramen House,4.5,Ramen,Ramen · 10352 Nirolhu Magu - 11 Goalhi,N/A,N/A,N/A,2026-03-18 02:25:33
Papa Sam's,4.4,Restaurant,N/A,N/A,N/A,N/A,2026-03-18 02:25:33
Thai Palace Restaurant,4.1,Thai,Thai ·  · Nirolhu Magu,N/A,N/A,N/A,2026-03-18 02:25:33
Vilu Breeze,4.2,Restaurant,Restaurant · Lot 10714 Kaani Magu,N/A,N/A,N/A,2026-03-18 02:25:33
Treehouse Restaurant,3.6,Halal,N/A,N/A,N/A,N/A,2026-03-18 02:25:33
All Spice Cafe,5.0,Bangladeshi,"Bangladeshi · 6G5Q+MX3, Rabarugas Magu-6 Goalhi",N/A,N/A,N/A,2026-03-18 02:25:33
The Chef Mode Badhige,4.3,Restaurant,Restaurant · 10451 Ahigas Magu,N/A,N/A,N/A,2026-03-18 02:25:33
Crepe Runner - Hulhumale,4.8,Crêperie,Crêperie ·  · 6 Rabarugas Magu,N/A,N/A,N/A,2026-03-18 02:25:33
Coba Cabana,4.4,Restaurant,"Restaurant ·  · Lot 10665, 10716 Kaani Magu",N/A,N/A,N/A,2026-03-18 02:25:33
Faloodas & Momos,4.8,Restaurant,Restaurant · LOT 10822 Unigas Magu,N/A,N/A,N/A,2026-03-18 02:25:33
Lanka cafe,4.6,Restaurant,"Restaurant · Hulumale lot no, Nirolhu Magu, 23000 K",N/A,N/A,N/A,2026-03-18 02:25:33
Keylime Restaurant,4.9,Restaurant,Restaurant · Dhigga Magu,N/A,N/A,N/A,2026-03-18 02:25:33
Cafe' Acacia,4.4,Restaurant,"Restaurant ·  · Lot 10402, 23000 Hirundhu Magu",N/A,N/A,N/A,2026-03-18 02:25:33
Meat Street,4.6,Restaurant,Meat Street,N/A,N/A,N/A,2026-03-18 02:25:33
Riveli Beach Club & Restaurant,4.3,Restaurant,N/A,N/A,N/A,N/A,2026-03-18 02:25:33
Yellowfin Dine-in,4.5,Restaurant,N/A,N/A,N/A,N/A,2026-03-18 02:25:33
Red Snapper & Coffee Beans,4.4,Restaurant,Restaurant · 10710 Kaani Magu,N/A,N/A,N/A,2026-03-18 02:25:33
Cafe Colombo Hulhumale,4.0,Restaurant,N/A,N/A,N/A,N/A,2026-03-18 02:25:33
Tawa,4.6,Family restaurant,Family restaurant · 11201 Nirolhu Magu,N/A,N/A,N/A,2026-03-18 02:25:33
PastaMania Maldives,4.8,Italian restaurant,"Italian restaurant · Hirundhu Magu, 13 Nirolhu Magu - 11 Goalhi",N/A,N/A,N/A,2026-03-18 02:25:33
The Royal Crest,4.8,Restaurant,Restaurant · 20 Nirolhu Magu,N/A,N/A,N/A,2026-03-18 02:25:33
The Maldive Kitchen,4.7,Restaurant,"Restaurant · Lot 11429 Chanbeylee Magu, Goalhi No 9",N/A,N/A,N/A,2026-03-18 02:25:33
Cloud Signature,4.6,Restaurant,Restaurant ·  · LOT 10717 Kaani Magu,N/A,N/A,N/A,2026-03-18 02:25:33
Vilu Cafe,4.0,Restaurant,Restaurant ·  · Lansimoo Magu Nirolhu Magu 17 Hulhumale,N/A,N/A,N/A,2026-03-18 02:23:31
Coffee & Bagels,4.7,Cafe,Cafe · 10367 Hirundhu Magu,N/A,N/A,N/A,2026-03-18 02:23:31
The Sippers Café,5.0,Coffee shop,"Coffee shop · Lot. 11232, Rabarugas Magu 4 Hulhumale",N/A,N/A,N/A,2026-03-18 02:23:31
Reserve - Red Snapper and Coffee Beans,4.6,Restaurant,"Restaurant · 10997 Kaani Magu, 18 Goalhi",N/A,N/A,N/A,2026-03-18 02:23:31
SHA THERAPY DHIVEHI BEYS CENTRE,4.3,Bonesetting house,N/A,942-3727,N/A,N/A,2026-03-18 02:22:33
Pearl Medical Centre Hulhumale,3.8,Medical Center,"Medical Center · Lot no. 10056 Nirolhu Magu-Goalhi, 06 Nirolhu Magu",335-5002,N/A,N/A,2026-03-18 02:22:33
AMDC Clinic,3.0,Medical clinic,N/A,332-5979,N/A,N/A,2026-03-18 02:22:33
"hulhumale lot no 11382 ,abarugas magu -9",N/A,Medical Center,Medical Center · 11382 Rabarugas Magu - 9 Goalhi,N/A,N/A,N/A,2026-03-18 02:22:33
Thasalli Medical Care,N/A,Medical clinic,"Medical clinic · Fennaage, Ameenee Magu",737-3035,N/A,http://www.thasalli.mv/,2026-03-18 02:22:33
Dhi Hijama Center,4.8,Alternative medicine practitioner,Alternative medicine practitioner · 8 Rabarugas Magu,725-0222,N/A,N/A,2026-03-18 02:22:33
National Diagnostic Centre,5.0,Hospital,N/A,333-5335,N/A,http://www.igmh.gov.mv/,2026-03-18 02:22:33
Mediflex PCR Center Maldives,4.9,Laboratory,Laboratory · 10101 Halaveli Magu,760-3501,N/A,https://www.atolltransfer.com/pcrtestbooking,2026-03-18 02:22:33
Maldives Diagnostic Centre(MDC),5.0,Medical clinic,Medical clinic · Faashanaa Kilege Magu Rd,737-3969,N/A,N/A,2026-03-18 02:22:33
Maldives Alternative Medical Centre,4.0,General hospital,"General hospital · 5GG3+CWC Block 291, Unnamed Road",N/A,N/A,N/A,2026-03-18 02:21:28
Maldicare,3.9,Hospital,Hospital · Buruzu Magu,770-5353,N/A,N/A,2026-03-18 02:21:28
Villimalé Hospital,3.7,Hospital,Hospital ·  · 21008 Veshi Magu,339-2026,N/A,https://m.facebook.com/villimalehospital/,2026-03-18 02:21:28
Senahiya Military Hospital,3.2,Military hospital,N/A,301-9899,N/A,N/A,2026-03-18 02:21:28
Hulhumalé Hospital,3.4,Government hospital,N/A,335-0037,N/A,http://hmh.gov.mv/,2026-03-18 02:21:28
Dharumavantha Hospital,4.4,Hospital,"Hospital ·  · 5GF2+593, Boduthakurufaanu Magu",333-5335,N/A,N/A,2026-03-18 02:21:28
Indira Gandhi Memorial Hospital,3.4,Hospital,N/A,333-5335,N/A,http://www.igmh.gov.mv/,2026-03-18 02:21:28
ADK Hospital,3.5,Hospital,Hospital ·  · Sosun Magu,331-3553,N/A,http://www.adkhospital.mv/,2026-03-18 02:21:28
Med Pharmacy 2,4.7,Pharmacy,N/A,950-0116,N/A,N/A,2026-03-18 02:20:34
Care Plus Pharmacy - Amin Avenue Maple,4.5,Pharmacy,Care Plus Pharmacy - Amin Avenue Maple,738-8686,N/A,N/A,2026-03-18 02:20:34
City Pharmacy,4.3,Faculty of pharmacy,N/A,335-0089,N/A,N/A,2026-03-18 02:20:34
Green Grand Pharmacy,3.0,Pharmacy,N/A,N/A,N/A,N/A,2026-03-18 02:20:34
HEALTH LIFE PHARMACY,4.9,Pharmacy,"Pharmacy · hulhumale Lot 11283, Ground Floor Bokarumaa Hingun",991-9603,N/A,N/A,2026-03-18 02:20:34
Airport Pharmacy,3.0,Pharmacy,Pharmacy · 22000 Airport Main Rd,N/A,N/A,N/A,2026-03-18 02:20:34
STO Pharmacy Hulhumale',3.7,Pharmacy,N/A,301-2652,N/A,N/A,2026-03-18 02:20:34
Iseri Pharmacy Hulhumale,5.0,Pharmacy,"Pharmacy · 6G5R+R2M, Rabarugas Magu",N/A,N/A,N/A,2026-03-18 02:20:34
Mazi Chemist 5,5.0,Pharmacy,"Pharmacy · 8 NO Goalhi, LOT NO:11338 Rabarugas Magu",994-1814,N/A,N/A,2026-03-18 02:20:34
Sukoon Acupuncture Hijama Clinic,4.9,Acupuncture clinic,N/A,978-7696,N/A,https://sukoonclinic.com/,2026-03-18 02:19:50
Care Trust Multispeciality Clinic,2.8,Medical clinic,"Medical clinic · 6G9R+Q4H Rain Crest, Reethigas Magu",335-9001,N/A,http://caretrust.mv/,2026-03-18 02:19:50
Tree Top Hospital,3.6,Hospital,Hospital ·  · 10608 Dhum'buri Magu,335-1610,N/A,https://www.treetophospital.com/,2026-03-18 02:19:50
Nowall Medical Center,4.5,Dental clinic,"Dental clinic ·  · Lot No. 11393(1st Floor, Saimaa Hingun",944-3434,N/A,N/A,2026-03-18 02:19:50
The Clinic,3.3,Medical clinic,Medical clinic · Hithaffinivaa Magu,333-4888,N/A,https://facebook.com/TheClinicMaldives/,2026-03-18 02:19:50
Dhivehi Beys Clinic,4.8,Medical clinic,N/A,335-0501,N/A,N/A,2026-03-18 02:19:50
Faxy's Hijama Clinic,1.8,Alternative medicine practitioner,"Alternative medicine practitioner · 11332, 7 Rabarugas Magu",999-4616,N/A,https://m.facebook.com/faxyshijama/,2026-03-18 02:19:50
life wellness clinic,5.0,Medical clinic,N/A,400-0334,N/A,N/A,2026-03-18 02:19:50
Life Care Medical Centre,4.8,Medical Center,Medical Center ·  · 11382 Rabarugas Magu,926-3949,N/A,http://lifecaremedicalcenters.com/,2026-03-18 02:19:50
City saloon of Zen saloon,5.0,Hair salon,"Hair salon · 6G6V+JF3, Unigas Magu",N/A,N/A,N/A,2026-03-18 02:18:56
Stylo Salon.mv,5.0,Beauty Salon,Stylo Salon.mv,N/A,N/A,N/A,2026-03-18 02:18:56
Moroccan Beauty Center,4.7,Beauty salon,"Beauty salon · 19 Fihaara, 18 Orchid Magu",N/A,N/A,N/A,2026-03-18 02:17:55
Bewaxed Maldives- Hulhumale',4.8,Beauty salon,"Beauty salon · First Floor, 11420 Chanbeylee Magu",N/A,N/A,N/A,2026-03-18 02:17:55
Sui's Salon (Male’),4.7,Beauty salon,Beauty salon ·  · M. West End Lodge 2nd Floor Fareedhee Magu Malé,N/A,N/A,N/A,2026-03-18 02:17:55
Salon ELLE',4.9,Beauty salon,Beauty salon · 20030 Ameer Ahmed Magu,N/A,N/A,N/A,2026-03-18 02:17:55
Nada Salon & Aesthetic Studio,4.6,Beauty salon,Nada Salon & Aesthetic Studio,N/A,N/A,N/A,2026-03-18 02:17:55
Premium Asian Massage Spa & Salon,4.6,Day spa,Day spa ·  · Kelaa Magu,N/A,N/A,N/A,2026-03-18 02:17:55
SO/ Maldives,4.7,N/A,N/A,N/A,N/A,N/A,2026-03-18 02:17:17
Hilton Maldives Amingiri Resort & Spa,4.8,N/A,N/A,N/A,N/A,N/A,2026-03-18 02:17:17
NIVA Kurumba Maldives,4.7,Posh resort with a spa & a dive center,N/A,N/A,N/A,N/A,2026-03-18 02:17:17
dusitD2 Feydhoo Maldives,4.8,N/A,N/A,N/A,N/A,N/A,2026-03-18 02:17:17
Kaani Village & Spa,4.1,Informal hotel with a pool & a spa,N/A,N/A,N/A,N/A,2026-03-18 02:17:17
Holiday Inn Resort Kandooma Maldives by IHG,4.7,Chic villas & dining on a private island,N/A,N/A,N/A,N/A,2026-03-18 02:17:17
TOUR INN,4.7,Modest hotel offering Wi-Fi & parking,N/A,N/A,N/A,N/A,2026-03-18 02:16:34
Hathaa Beach Maldives,4.0,Laid-back guesthouse with free Wi-Fi,N/A,N/A,N/A,N/A,2026-03-18 02:16:34
faTuur Inn - homestay,3.5,N/A,N/A,N/A,N/A,N/A,2026-03-18 02:16:34
Reef House Maldives,4.5,Guest house,N/A,N/A,N/A,N/A,2026-03-18 02:16:34
Unima Grand,4.0,Informal hotel with ocean views,N/A,N/A,N/A,N/A,2026-03-18 02:16:34
Three Inn,3.4,Guest house,N/A,N/A,N/A,N/A,2026-03-18 02:16:34
Shop 'n' Save,4.2,Supermarket,"Supermarket ·  · 5GF7+7PQ, Sosun Magu",333-6020,N/A,N/A,2026-03-18 02:15:30
STO People's Choice,4.3,Supermarket,Supermarket ·  · 6 Orchid Magu,334-4333,N/A,N/A,2026-03-18 02:15:30
FENI MART 2,5.0,Grocery store,"Grocery store · Hm Lot No. 10817, Unigas Magu Hulhumale Maldives Hulhumale Maldives",757-0717,N/A,N/A,2026-03-18 02:15:30
Feni Mart,3.4,Grocery store,"Grocery store · HM Lot No:, 10838 Nirolhu Magu",769-0602,N/A,N/A,2026-03-18 02:15:30
Maicon Plaza ( Hulhumale),3.7,Store,Store ·  · Bokaru Maa Hingun,999-3807,N/A,N/A,2026-03-18 02:15:30
MU Express,4.0,Grocery store,"Grocery store · 6G7R+J68, Reethigas Magu",733-4747,N/A,N/A,2026-03-18 02:15:30
Rhombus Maldives Pvt Ltd,4.3,Men's clothing store,"Men's clothing store ·  · Beyrumathi Ground Floor, 174 Chaandhanee Magu",300-7700,N/A,N/A,2026-03-18 02:14:50
STAR SHOPPING 1,4.0,Shopping mall,N/A,300-2640,N/A,N/A,2026-03-18 02:14:50
SJ Mall,4.1,Shopping mall,Shopping mall ·  · Boagan Villa Magu,794-0011,N/A,N/A,2026-03-18 02:14:50
Maldives Online Shop,2.5,Shopping mall,N/A,744-4999,N/A,N/A,2026-03-18 02:14:50
Island Bazaar,4.5,Boutique,Boutique · M.Sisil Emporium Fareedhee Magu M. Male,791-0013,N/A,N/A,2026-03-18 02:14:50
Luxury Shopping Centre,4.4,Store,"Store ·  · 5GG4+5P9, Majeedhee Magu Rd",332-2029,N/A,N/A,2026-03-18 02:14:50
Naga's Indian Restaurant,4.7,Indian restaurant,Indian restaurant · 10821 Unigas Magu,N/A,N/A,N/A,2026-03-18 02:12:39
Salt Café & Restaurant,4.4,Restaurant,"Restaurant · 5GH5+XWQ 6th & 7th Floor, Mohamed Ismail Didi Goalhi",N/A,N/A,N/A,2026-03-18 02:12:39
The Black Pearl - Relaxed Dining & Coffee,4.7,Restaurant,"Restaurant · G.Vaal, Alikilegefaanu Magu",N/A,N/A,N/A,2026-03-18 02:12:39
The Cloud Restaurant,4.6,Restaurant,"Restaurant · 5GG9+82J Samann Grand, Roashanee Magu",N/A,N/A,N/A,2026-03-18 02:12:39
Khanji Maldives,4.6,Restaurant,Restaurant · 11039 Nirolhu Magu - 19 Goalhi,N/A,N/A,N/A,2026-03-18 02:12:39
Cafe'ier,4.5,Restaurant,N/A,N/A,N/A,N/A,2026-03-18 02:10:57
Cafe de Male,4.5,Restaurant,N/A,N/A,N/A,N/A,2026-03-18 02:10:57
Moon Cafe',4.3,Cafe,"Cafe ·  · 5GF6+8W4, Banafsaa Magu",N/A,N/A,N/A,2026-03-18 02:10:57
lemon tree café,4.6,Restaurant,Restaurant · Rabarugas Magu - Goalhi 8,N/A,N/A,N/A,2026-03-18 02:10:57
Café Ier Hulhumalé,4.2,Cafe,Cafe · Beach Rd,N/A,N/A,N/A,2026-03-18 02:10:57
Lucie's Cafe' and Bistro,4.7,Coffee shop,"Coffee shop · MA. Shezi, Dhilbahaaru Magu",N/A,N/A,N/A,2026-03-18 02:10:57
The Usual Coffee House,4.8,Coffee shop,"Coffee shop · H. Silver Oak, Abadhah Ufaa Magu",N/A,N/A,N/A,2026-03-18 02:10:57
Meraki Coffee Roasters,4.7,Coffee roastery,"Coffee roastery ·  · G. Blue Stream, Husnuheena Magu, Male'",N/A,N/A,N/A,2026-03-18 02:10:57
Victorious Cafe,4.9,Cafe,Cafe · Maaveyo Magu,N/A,N/A,N/A,2026-03-18 02:10:57
Sunrise Coffee,4.9,Coffee shop,"Coffee shop · 6G6V+6FM, Beach Rd",N/A,N/A,N/A,2026-03-18 02:10:57
The Coffee Shrub,4.6,Coffee shop,"Coffee shop · Male’ Grand, Mezzanine Floor, Majeedhee Magu Rd",N/A,N/A,N/A,2026-03-18 02:10:57
Seagull Café,4.4,Restaurant,Restaurant ·  · 29 Chaandhanee Magu,N/A,N/A,N/A,2026-03-18 02:10:57
